{
  "feature_columns": [
    "umidade_atual",
    "ph_atual",
    "fosforo",
    "potassio",
    "temperature",
    "humidity_air",
    "precipitation",
    "wind_speed",
    "pressure",
    "hora_do_dia",
    "dia_da_semana",
    "mes_ano",
    "umidade_tendencia",
    "ph_tendencia",
    "umidade_variacao",
    "estresse_termico",
    "temp_tendencia",
    "chuva_recente",
    "precipitacao_acumulada",
    "periodo_dia_encoded",
    "estacao_encoded",
    "necessidade_nutrientes_encoded",
    "ph_categoria_encoded"
  ],
  "metrics": {
    "irrigation_accuracy": 0.9222222222222223,
    "irrigation_cv_mean": 0.9100000000000001,
    "irrigation_cv_std": 0.04027681991198192,
    "humidity_mae": 8.992281215603406,
    "humidity_cv_mean": 8.144188898881758,
    "humidity_cv_std": 2.3279809670201326,
    "last_trained": "2025-06-23T17:53:16.508836",
    "training_samples": 300,
    "class_distribution": {
      "0": 215,
      "1": 85
    },
    "predicted_classes": [
      0,
      1
    ],
    "feature_importance_irrigation": {
      "umidade_atual": 0.3435763431275218,
      "ph_atual": 0.25137694871845734,
      "fosforo": 0.004526868430895439,
      "potassio": 0.0031279176314466567,
      "temperature": 0.015398261226733006,
      "humidity_air": 0.04365496746961456,
      "precipitation": 0.011282836581200564,
      "wind_speed": 0.0336892554521213,
      "pressure": 0.05618433577673318,
      "hora_do_dia": 0.025716959732683828,
      "dia_da_semana": 0.011995197456991024,
      "mes_ano": 0.0,
      "umidade_tendencia": 0.06580295526989696,
      "ph_tendencia": 0.0334491199553516,
      "umidade_variacao": 0.028627287329445476,
      "estresse_termico": 0.0,
      "temp_tendencia": 0.03322495920514835,
      "chuva_recente": 0.0016626308752168656,
      "precipitacao_acumulada": 0.018812060680417023,
      "periodo_dia_encoded": 0.0036789743560568995,
      "estacao_encoded": 0.0,
      "necessidade_nutrientes_encoded": 0.0071938640218404395,
      "ph_categoria_encoded": 0.007018256702227706
    },
    "feature_importance_humidity": {
      "umidade_atual": 0.3733619401157968,
      "ph_atual": 0.03870113385686567,
      "fosforo": 0.018096736507065066,
      "potassio": 0.010637566268603484,
      "temperature": 0.026683741326162098,
      "humidity_air": 0.020971074930275908,
      "precipitation": 0.0033204587531835876,
      "wind_speed": 0.014934381936871131,
      "pressure": 0.02177341902576581,
      "hora_do_dia": 0.014730834054795833,
      "dia_da_semana": 0.016176877831475128,
      "mes_ano": 0.0,
      "umidade_tendencia": 0.21577758331660346,
      "ph_tendencia": 0.02019392474307594,
      "umidade_variacao": 0.11241146715236952,
      "estresse_termico": 0.0024284697817282945,
      "temp_tendencia": 0.020478901572923463,
      "chuva_recente": 0.0025857969307116007,
      "precipitacao_acumulada": 0.008645572888658888,
      "periodo_dia_encoded": 0.009280567984925613,
      "estacao_encoded": 0.0,
      "necessidade_nutrientes_encoded": 0.03125535866478356,
      "ph_categoria_encoded": 0.017554192357359274
    }
  }
}